{
  "H": 1.00794,
  "He": 4.0026,
  "Li": 6.941,
  "Be": 9.01218,
  "B": 10.811,
  "C": 12.011,
  "N": 14.0067,
  "O": 15.9994,
  "F": 18.9984,
  "Ne": 20.1797,
  "Na": 22.98977,
  "Mg": 24.305,
  "Al": 26.98154,
  "Si": 28.0855,
  "P": 30.97376,
  "S": 32.066,
  "Cl": 35.4527,
  "Ar": 39.948,
  "K": 39.0983,
  "Ca": 40.078,
  "Sc": 44.9559,
  "Ti": 47.88,
  "V": 50.9415,
  "Cr": 51.996,
  "Mn": 54.938,
  "Fe": 55.847,
  "Co": 58.9332,
  "Ni": 58.6934,
  "Cu": 63.546,
  "Zn": 65.39,
  "Ga": 69.723,
  "Ge": 72.61,
  "As": 74.9216,
  "Se": 78.96,
  "Br": 79.904,
  "Kr": 83.8,
  "Rb": 85.4678,
  "Sr": 87.62,
  "Y": 88.9059,
  "Zr": 91.224,
  "Nb": 92.9064,
  "Mo": 95.94,
  "Tc": 1000000,
  "Ru": 101.07,
  "Rh": 102.9055,
  "Pd": 106.42,
  "Ag": 107.868,
  "Cd": 112.41,
  "In": 114.82,
  "Sn": 118.71,
  "Sb": 121.757,
  "Te": 127.6,
  "I": 126.9045,
  "Xe": 131.29,
  "Cs": 132.9054,
  "Ba": 137.33,
  "La": 138.9055,
  "Ce": 140.12,
  "Pr": 140.9077,
  "Nd": 144.24,
  "Pm": 1000000,
  "Sm": 150.36,
  "Eu": 151.965,
  "Gd": 157.25,
  "Tb": 158.9253,
  "Dy": 162.5,
  "Ho": 164.9303,
  "Er": 167.26,
  "Tm": 168.9342,
  "Yb": 173.04,
  "Lu": 174.967,
  "Hf": 178.49,
  "Ta": 180.9479,
  "W": 183.85,
  "Re": 186.207,
  "Os": 190.2,
  "Ir": 192.22,
  "Pt": 195.08,
  "Au": 196.9665,
  "Hg": 200.59,
  "Tl": 204.383,
  "Pb": 207.2,
  "Bi": 208.9804,
  "Po": 1000000,
  "At": 1000000,
  "Rn": 1000000,
  "Fr": 1000000,
  "Ra": 226.0254,
  "Ac": 1000000,
  "Th": 232.0381,
  "Pa": 231.0359,
  "U": 238.029,
  "Np": 237.0482,
  "Pu": 1000000,
  "Am": 1000000,
  "Cm": 1000000,
  "Bk": 1000000,
  "Cf": 1000000,
  "Es": 1000000,
  "Fm": 1000000,
  "Md": 1000000,
  "No": 1000000,
  "Lr": 1000000,
  "Rf": 1000000,
  "Db": 1000000,
  "Sg": 1000000,
  "Bh": 1000000,
  "Hs": 1000000,
  "Mt": 1000000,
  "Ds": 1000000,
  "Rg": 1000000,
  "Cn": 1000000,
  "Nh": 1000000,
  "Fl": 1000000,
  "Mc": 1000000,
  "Lv": 1000000,
  "Ts": 1000000,
  "Og": 1000000
}
